quarter_period,NHCCI,NHCCI-Seasonally-Adjusted,grp9-pct-change-Grading-Excavation,grp9-pct-change-Bridge,grp9-pct-change-Asphalt,grp9-pct-change-Concrete,grp9-pct-change-Base-Stone,grp9-pct-change-Drainage,grp9-pct-change-Traffic-Control,grp9-pct-change-Electrical,grp9-pct-change-Utilities-erosion-control-clearing-painting-and-equipment,grp13-pct-change-Grading-Excavation,grp13-pct-change-Bridge,grp13-pct-change-Asphalt,grp13-pct-change-Concrete,grp13-pct-change-Base-Stone,grp13-pct-change-Drainage,grp13-pct-change-Traffic-Control,grp13-pct-change-Erosion-Control,grp13-pct-change-Clearing,grp13-pct-change-Electrical,grp13-pct-change-Structures,grp13-pct-change-Utility,grp13-pct-change-Equipment,grp25-pct-change-Grading-Excavation,grp25-pct-change-Bridge,grp25-pct-change-Asphalt,grp25-pct-change-Concrete_Pavement,grp25-pct-change-Concrete-Misc,grp25-pct-change-Concrete-Culvers,grp25-pct-change-Base-Stone,grp25-pct-change-Drainage-Pipe,grp25-pct-change-Drainage-Inlets-Catch-Basins,grp25-pct-change-Underdrain,grp25-pct-change-Traffic-Control,grp25-pct-change-Guard-Rail,grp25-pct-change-Fencing,grp25-pct-change-Signs-Permanent,grp25-pct-change-Striping-Pavement-Marking,grp25-pct-change-Clearing,grp25-pct-change-Equipment-Labor,grp25-pct-change-Grassing,grp25-pct-change-Erosion-Control,grp25-pct-change-Retaining-Wall,grp25-pct-change-Misc-Stone-Riprap,grp25-pct-change-Painting-Structures,grp25-pct-change-Buildings-Misc-Structures,grp25-pct-change-Electrical,grp25-pct-change-Utility,GDP,TTLCONS,UNRATE,PPIACO,Construction_Employment,datetime,NHCCI_Seasonally_Adjusted_Diff
2003Q1,1.0,1.0018024268,,,,,,,,,,,,,,,,,,,,,,,,,,,,,,,,,,,,,,,,,,,,,,,,-1.4764178502989793,-0.9910012696169934,5.866666666666667,138.03333333333333,345.6,2003-01-01,
2003Q2,1.009624,1.0068489281,-0.603982655545448,-0.075302344178274,0.981712611999474,-0.31194106342937,0.314379503756414,0.022022741778642,0.188511613751472,0.14192018613765,0.305115369367844,-0.562572364804705,-0.070139460875307,0.914404380046768,-0.290553743688537,0.292824999620428,0.020512817393413,0.17558687053638,-0.045981201192882,0.259148717001821,0.132189846844325,0.018181621509841,0.106953507087156,0.01187997427327,-0.517194264388145,-0.064481885603549,0.84064687544461,-0.152249144205234,-0.107945494437318,-0.021500675066884,0.269205207621462,0.026762482495973,0.094741465888564,-0.070037292789839,0.168109646100492,-0.058603388662472,-0.037960813312381,0.003664045914898,0.090357848721314,0.238245314626085,0.01092171414656,0.028420721527444,0.030655737917193,-0.015880628535938,-0.026507351435641,-0.002942154412394,0.016154375926343,0.121527175655587,0.098326444525705,-1.4465781783091827,-0.9607398503916981,6.133333333333333,137.16666666666666,331.07619047619045,2003-04-01,0.005046501299999839
2003Q3,1.02399,1.0123370067,0.559155121233909,0.493043019950441,0.172481173005149,-0.380942031609063,0.17680098584574,-0.063404695640013,0.334629564458511,-0.084677991203317,0.215823289015957,0.541044260257099,0.477073509430003,0.166894561304756,-0.36860343734944,0.171074456741565,-0.061351037209174,0.323791016648846,0.276762559589359,0.152342437537861,-0.081935297331069,-0.009797659341131,-0.169163894349661,0.004776959145373,0.575181371259315,0.507174394966127,0.177424750021222,-0.270630536287363,0.062571831420331,-0.18594961814194,0.181868375368592,-0.054792612491084,-0.060947624717018,0.048722515938132,0.228818120841939,0.144664017227602,0.001319804103251,-0.065771117675542,0.02083405610629,0.161954462065249,0.005078360705768,0.038549933933393,-0.019196498602977,0.145121040779153,0.060669480961805,-0.004738319499856,-0.008075493539248,-0.087104993313515,-0.179837266342883,-1.3919291146593242,-0.8710805388717912,6.133333333333333,138.06666666666666,331.07619047619045,2003-07-01,0.0054880786000000015
2003Q4,1.021636,1.0453117643,-0.483975832033237,0.335125265969565,0.197195752023491,0.506487490406467,-0.235400214804282,-0.132036849588433,-0.423152232785814,-0.169050206119448,0.174845182867302,-0.474494844825846,0.3285602307427,0.193332727691634,0.496565504351611,-0.230788772800679,-0.129450274798087,-0.414862767230913,0.153342876196141,-0.00433427840496,-0.165738547249074,0.000501066857369,0.021219352656719,-0.003813917138094,-0.508047655166932,0.351793610964282,0.207003806387722,0.165021055009736,0.205681543072432,0.189814598781234,-0.247108469534236,-0.105285109138229,0.040910310459776,-0.067430639576814,-0.301700397127804,-0.10351127759035,0.010057114993255,0.007884071042935,-0.062195006768993,-0.004640766922699,-0.004083609507088,-0.005444424266407,0.034311509253014,0.119709925287606,0.002503811090981,-0.001529270653938,0.001062162578992,-0.177458367014356,0.022719830322738,-1.3476841283094851,-0.7832942994645354,5.833333333333333,139.23333333333335,331.07619047619045,2003-10-01,0.032974757600000126
2004Q1,1.045945,1.0526132211,-0.244710146971298,1.09502479892156,0.617358799830301,0.505430562051832,0.214115395327983,0.194466767456035,-0.186539906309374,-0.01575546265469,0.200079903483406,-0.23937315715982,1.07114292763333,0.603894553722643,0.494407407475255,0.20944565970575,0.19022555728866,-0.182471576493721,0.390337887090085,-0.179915960727977,-0.015411844931121,-0.005351793926455,0.023356865087038,0.019184186355429,-0.233731711744131,1.04589868412468,0.589662222277134,0.134487469326544,0.281187011811099,0.087443661594068,0.204509532975279,0.079842490022979,0.017586390464883,0.085676836816878,-0.137815704844155,0.037515607785135,-0.006403567153089,0.019280345790983,-0.082179171134665,-0.175675777447275,0.018732061563675,-0.023357766546495,0.147720342200451,0.277807618949561,0.009684204719494,0.001380278538876,-0.00753812413192,-0.015048625091886,0.022806400367795,-1.3151376485054418,-0.7490229618744231,5.7,142.20000000000002,352.7,2004-01-01,0.00730145680000005
2004Q2,1.100941,1.0976879675,2.42980246951392,-0.273674364949551,1.08531796970394,0.252584836667031,0.15045890726859,0.509009594800412,0.37533305317424,0.183917626697431,0.5452729635608,2.40881005874704,-0.271309940401524,1.07594130600738,0.250402616220413,0.149159009344146,0.504611978689378,0.372090342825048,0.286855181790169,0.277648958456846,0.182328660348077,0.013875431972581,0.023053421015565,-0.015443968641411,2.4166782115684,-0.272196148937659,1.07945576764493,0.056276872937942,0.15282997695438,0.026407124925122,0.149646223301194,0.353606815600414,0.186036089250525,-0.025565023940316,0.096172719302388,0.177424497427706,0.024113716746105,0.036711038671478,0.030766241761153,0.278555872814377,-0.0154944149051,0.130140826182194,0.127118140379843,-0.007494691901079,0.036110988648009,-0.001423624967473,0.016092894165461,0.182924219868316,0.023128722858256,-1.274378839490793,-0.6685369245234911,5.599999999999999,146.26666666666668,331.07619047619045,2004-04-01,0.045074746399999865
2004Q3,1.143055,1.1283111537,-0.217257555710569,1.06140493228971,1.56680353669203,0.256439303494052,0.120664769589566,0.292738627828455,0.460688602014414,-0.057573523766058,0.341380330283703,-0.215402515729324,1.0523421928376,1.55342548295548,0.254249712586601,0.119634481021284,0.290239097414733,0.45675504128441,0.023638775825246,0.39719769099604,-0.057081935835498,0.00392504962259,-0.028154951174328,-0.025479099112485,-0.218062920229225,1.06533951513477,1.57261161061511,0.066703302006084,0.15287253814082,0.035068532306402,0.121112068746916,0.203176601402497,0.030382142960325,0.043923551822988,0.232417403942137,0.086620309720378,0.006829510748429,0.028853197953052,0.090198789066176,0.402103420751604,-0.025793787689032,-0.02446950111294,0.005354704043124,0.012045549008438,0.021422557006445,0.001819877073201,0.001049684489066,-0.057786946357165,-0.02850268880677,-1.2329476332423885,-0.5703706672358224,5.433333333333334,147.70000000000002,331.07619047619045,2004-07-01,0.03062318619999993
2004Q4,1.149222,1.1624000256,-0.712031260901648,0.216831117906337,0.407935450808066,0.059665479744668,0.09149716861272,0.177962417417695,0.241013595379604,-0.004036269274099,0.060661589144038,-0.734374534921635,0.223635196964948,0.420736312073455,0.061537760098947,0.094368315407349,0.183546811250735,0.24857651150017,0.164822043126673,-0.138803809611369,-0.004162925887401,0.010310181967468,0.002070214913321,0.00723721155279,-0.755618954826219,0.230104647964593,0.432907620490979,-0.091548239720668,0.160809991542851,-0.003464401794723,0.097098257745568,0.095822193630821,0.065676577631045,0.030164406794334,0.026919443711988,0.137666233660733,0.02094385821873,0.040459660546953,0.025900061320577,-0.142819208169732,0.007446573881013,0.041474240148847,0.047738707767613,-0.00954187584965,0.072954861710222,-0.000102271074717,0.01066015342202,-0.004283353465861,0.002130103312755,-1.1851852603387636,-0.5296437562800272,5.433333333333334,150.53333333333333,331.07619047619045,2004-10-01,0.034088871900000095
2005Q1,1.240895,1.2510493234,6.96202015439363,0.509778115863918,-0.065268359603645,-0.215998531012683,0.225175348147348,0.0452616346891,-0.059327516976424,0.158904085839587,0.416409916822987,6.90894419400234,0.505891749197354,-0.064770776943068,-0.214351835220953,0.223458691550012,0.044916576111622,-0.058875225152158,0.428553290707855,-0.007027846150923,0.157692657726303,0.004746843546055,0.042286119826579,0.005490408851117,6.79547725047319,0.497583389928993,-0.063707033774919,-0.184321941601519,-0.094589918447186,0.170471102065824,0.219788785693047,0.158205240206785,-0.02067111203214,-0.044913973500168,0.074327555858596,-0.062062880172045,-0.010248294576986,0.031851261441425,-0.084651209595297,-0.006912426473234,0.005400238790413,0.05263225696391,0.054824486508483,0.203031848552456,0.085175360488876,0.00243709505526,0.001133279343638,0.155102840326421,0.041591646600369,-1.1335131256710016,-0.4299408078381127,5.3,152.06666666666666,356.3,2005-01-01,0.08864929779999997
2005Q2,1.281448,1.2769891468,-1.18792668985632,0.508445220852919,0.863291304172516,0.858049924471965,0.96972256264132,0.116621151208679,0.572996597152612,0.105347524765387,0.461477034270004,-1.19046008019667,0.509529538875872,0.865132372384074,0.859879814797439,0.971790607777993,0.116869859252465,0.574218578425478,0.264089960462347,0.162565808932045,0.105572190500999,-0.011082360089334,0.03103102127616,0.00888731749264,-1.20248982192586,0.514678395866241,0.873874638563293,0.588642292445754,0.428263112555186,-0.144511949849931,0.981610668188276,0.029174739752798,0.026273376490483,0.063366937327738,0.139764887811344,0.098565041835638,0.015180501574654,0.013982475265011,0.315196239807856,0.164208555889868,0.008977124899103,0.119985463149291,0.090042526242165,-0.084639748484543,0.10067327227953,-0.003931377891666,-0.006846325576956,0.106639010124821,0.031344593460032,-1.1000719098552036,-0.3421012621587599,5.1000000000000005,154.53333333333333,331.07619047619045,2005-04-01,0.025939823400000117
2005Q3,1.371839,1.3473308046,1.27499218106268,1.0233291855599,3.11363554555512,0.237611380563579,0.294129256040929,0.269537740025359,0.374016432565209,0.091491045618297,0.375119737223029,1.27201242349758,1.02093758427027,3.10635873295899,0.237056063968241,0.293441852695961,0.268907808998577,0.373142326571724,0.145944471903791,0.207740943782168,0.091277223802857,0.01507822690017,0.020853829960394,0.001111014882231,1.27001311971182,1.01933291098814,3.10147626910141,0.130487010305094,0.12177605740287,0.004857848378443,0.292980631259557,0.001740075058166,0.182661897488259,0.078641443702845,0.142765935330535,-0.03817121082977,0.005082711653095,0.059986929435791,0.217448220750644,0.20741442397449,0.001109268627396,-0.016424438357318,0.053246308132243,0.059422591359456,0.028753123771568,0.007535009578517,0.009771557235194,0.091133757519733,0.020821052652368,-1.0527230052889807,-0.23507237759812946,4.966666666666667,158.70000000000002,331.07619047619045,2005-07-01,0.07034165780000001
2005Q4,1.412496,1.4188815955,0.075279601205734,0.628979890187397,1.67502765224941,-0.202899940690603,0.054294408435147,0.308880361051583,0.26817920881652,0.144582005140632,0.011329196998256,0.075313522877512,0.629263314222693,1.67578243488277,-0.202991369248085,0.054318873987193,0.309019545340476,0.268300052797513,-0.014899490975895,-0.004441190792468,0.144647155102086,0.011572865358711,0.014130403109585,0.003636266737903,0.069180859393823,0.578023377484815,1.53932606754358,-0.296916054580344,0.251303303922524,0.099117561983566,0.049895772235345,0.234224586708956,0.025302709975887,0.034025492634582,0.06843616776305,0.198150368060249,-0.013428947027063,0.017668979726138,-0.039324186119876,-0.004079551515193,0.003340171171115,-0.028080647708913,0.042025339181217,-0.008578599120926,-0.012006095655328,0.001758313106279,0.008438846587281,0.13286876136743,0.012979786275696,-1.0136443284147587,-0.12396004878013442,4.966666666666667,164.29999999999998,331.07619047619045,2005-10-01,0.07155079089999994
2006Q1,1.448616,1.4711208502,0.219355346472074,1.09883405068548,1.02111561970977,0.503161574636199,0.153374839868636,-0.018319972697934,-0.137519655206319,0.093701302438948,-0.376554265348042,0.214800599758313,1.07601759846215,0.999912931519133,0.492713807734798,0.15019012812553,-0.01793957241271,-0.134664164296457,-0.164870785056279,-0.140795958124107,0.091755666254613,0.012506642100556,-0.008325381259184,-0.014152672334485,0.216082101237368,1.08243712497258,1.0058784171904,0.262857296997975,0.079257628402697,0.121476615316252,0.151086163198203,0.024756730056477,0.023214455885057,-0.035871962337784,-0.016450164292895,-0.093572095478042,-0.007058020128253,0.043692531628713,-0.061847776126678,-0.141635947522467,-0.014237107239996,0.04527559060055,-0.015143886031574,-0.173448050998644,-0.018791717118211,0.010955404489361,-0.015692522656717,0.092303081030299,-0.008375050530717,-0.9544639014607231,-0.04229851622209734,4.733333333333333,162.76666666666668,354.1,2006-01-01,0.052239254699999904
2006Q2,1.52135,1.5153483454,-0.151080556961746,-0.122798828365545,3.36392808052777,0.061851704626015,0.268469776831312,0.272527714625825,0.447595139773189,0.133516922371595,0.746953185391664,-0.150527501236052,-0.12234930264034,3.35161385753183,0.061625286085755,0.267486998184557,0.271530081213596,0.445956642686278,0.390825584184628,0.333974045039633,0.133028161278904,-0.002418825694848,0.027507778544521,0.012710333606474,-0.149861168340423,-0.12180770484438,3.33677742857657,0.128545586162824,-0.058480500109117,-0.014717130135258,0.266302926266415,0.163730874100443,0.084919324928261,0.018096921321152,0.199372274497643,0.125926805520677,-0.002352944625813,0.022284547367909,0.097085283613982,0.332495658088742,0.012654069380251,0.016233796188511,-0.006847932884138,0.257374319163144,0.155767672822596,-0.001361058092642,-0.001001213222519,0.132439291874005,0.027386011176723,-0.9212607366502175,-0.09785192341012401,4.633333333333333,165.4,331.07619047619045,2006-04-01,0.04422749520000013
2006Q3,1.618392,1.5776705378,1.19379886122333,1.18908558411797,2.35172644409359,0.789872405230629,0.285141396120065,0.018131230877078,0.355881762178776,0.022457998133256,0.172612504487034,1.17573237152339,1.17109042330174,2.31613632663133,0.777918782123329,0.280826176634796,0.017856839849602,0.350495985389815,0.354358658033335,-0.12429194821161,0.022118127491107,0.009251758368215,0.061598204925926,-0.034383519554598,1.18143655069572,1.17677208163524,2.32737328577772,0.297881728427675,0.359712119821907,0.118184772190412,0.282188631958458,-0.110374771720781,0.128248027738033,-0.000299311654948,0.18664675100576,0.035871984617269,0.007538400810595,0.050177468933058,0.031179912820052,-0.124894962636683,-0.034550334528953,0.062673350283593,0.009678186048511,0.20977526273587,0.089101199342053,-0.001487627450269,0.011752989405012,0.022225435720343,0.061897054570484,-0.8961289214766589,-0.19565882289796638,4.633333333333334,166.70000000000002,331.07619047619045,2006-07-01,0.06232219239999992
2006Q4,1.552662,1.5830014345,-0.587235557839758,-0.550041582127572,-1.52639428590107,-0.603501448948745,-0.390485561576303,-0.316437208331013,0.026720522703176,0.037616793807361,-0.15169114678608,-0.586366770339546,-0.549227821175572,-1.52413605744664,-0.602608596954249,-0.389907856535385,-0.315969054350749,0.02668099094618,-0.002872151471034,-0.11069768119104,0.037561141527874,0.001229880661014,-0.057484938258756,0.012349439721935,-0.536865232523678,-0.502861582339464,-1.39546730853336,-0.287944322052759,-0.290051820535146,0.05566620769115,-0.356991532658456,-0.006249455606899,-0.225601075689674,-0.05894026063506,-0.549278114998617,0.010747904960928,0.02120628558328,0.061123033559622,0.016847432769604,-0.101352497038077,0.011306890434216,-0.114827531220084,0.049801143140592,0.19168442643684,-0.025472043116937,0.002054452996576,-0.011742661443873,0.034390200806385,-0.052632015168969,-0.8596739713244206,-0.2503593297324406,4.433333333333334,164.13333333333333,331.07619047619045,2006-10-01,0.005330896700000087
2007Q1,1.563617,1.5640161008,1.59759862410538,0.558048894204537,-0.766162520351302,0.064467641655616,0.382677225229114,0.085546324411392,-0.914978027016444,-0.017342405773982,-0.284304925529972,1.63373309737651,0.570670839749241,-0.783491578310045,0.065925770273099,0.391332615730674,0.08748121050859,-0.935672992826973,-0.240770195722058,-0.004474525296484,-0.017734656173092,-0.011803436885969,-0.039934512229162,-0.009710805194377,1.16105543955744,0.405562257240917,-0.556808918139897,-0.052582972065464,0.213747707014603,-0.020658970985541,0.278110826614744,0.021426197074088,0.02180956707899,0.017532093882181,-0.137250862038515,-0.068491599471041,-0.00255096000293,-0.209267810887754,-0.153257994374923,-0.003179939211497,-0.006901239383934,-0.036440181747781,0.011466207991878,-0.160942353372882,0.030327336698283,-0.002335728078093,-0.003833159124799,-0.012603600339997,-0.028380512538114,-0.8217728505532313,-0.21037594936503376,4.5,166.70000000000002,350.1,2007-01-01,-0.018985333700000107
2007Q2,1.561181,1.5546202264,-0.002615212442317,0.082664609797624,-0.330187492330845,0.248935808699893,-0.03115901856788,-0.058377394351516,0.102725111354088,-0.020476400426831,-0.147330865764938,-0.002892855447036,0.091440665700677,-0.365241717973645,0.275363981281083,-0.034467003566564,-0.064575007544782,0.113630882542448,-0.087995949959444,0.005304562572909,-0.022650269455251,0.001546786878725,-0.071877886290209,0.006592957313754,-0.00355665004177,0.11242264037094,-0.449050080709019,0.111199993870369,0.196358341639094,0.01559815680142,-0.042375802027878,-0.090809583137952,0.012280846003657,-0.005074667390526,0.052517588227338,-0.065415253589163,-0.018651836891591,0.082964090231171,0.100987678733326,0.006521747472954,0.008105777264265,0.010806571128556,-0.008925421893875,0.024085760155589,-0.091203255318956,-0.001136075595369,0.002747167001651,-0.027847600166845,-0.088370985705893,-0.781646189642148,-0.16248394018047083,4.5,172.83333333333334,331.07619047619045,2007-04-01,-0.009395874400000004
2007Q3,1.53754,1.5214250543,-2.14773812999985,0.110576950081561,0.371925831578734,-0.339159730711628,-0.065116396694739,0.006991627517088,0.121171506507952,0.20248867432242,0.224560973955723,-2.17668068016478,0.112067066031137,0.376937840087702,-0.343730188847017,-0.065993894052151,0.007085845485814,0.12280439287799,-0.009753551323369,0.206265871084706,0.205217376862462,0.008559937468842,0.034107371632552,0.008813918741026,-2.31232953985625,0.119050988785002,0.400428280684733,-0.271008463953254,0.102118345669804,-0.103300761275287,-0.070106576525409,0.031127308055298,-0.067709453444623,0.043710788769985,0.056028236550056,0.08688396886792,-0.01826478464244,-0.040430994482192,0.035575266309002,0.219120181995037,0.009363194544013,0.044208530163507,-0.030388237774917,-0.048749713272045,0.032812268838728,0.023769503858251,-0.010446291945072,0.218006346518973,0.036232913571329,-0.7467704259508771,-0.1648523929941617,4.666666666666667,173.66666666666666,331.07619047619045,2007-07-01,-0.03319517209999989
2007Q4,1.514275,1.5216087212,-0.004175034379429,-0.472530384226542,-0.525527498255971,0.089738446312327,-0.079739402587323,-0.283779086982598,-0.278675842681529,-0.089807007878197,0.131370334733734,-0.004018225721294,-0.454782780725801,-0.50578939468462,0.086367991371614,-0.076744498238722,-0.273120727515747,-0.268209154147598,0.122298024617724,0.029748358481812,-0.086433977861207,-0.008423384923584,-0.086628436863999,0.012610730020769,-0.003932049507411,-0.445029357175194,-0.494942066170986,0.156607621109757,-0.011158761781102,-0.111803483785557,-0.075098610072768,-0.233479289233812,0.010570078194476,-0.023804636694748,-0.274229110505266,0.053072324608504,-0.004306154169494,0.003999869706037,-0.040803960489896,0.029110365240574,0.012340276089056,0.044977021237829,-0.056265132582556,0.115581079124036,0.007550874101579,-0.002508807909789,-0.000222705310996,-0.084580285877336,-0.084770574447185,-0.7142824903362001,-0.23154497290315662,4.8,177.4333333333333,331.07619047619045,2007-10-01,0.00018366689999993469
2008Q1,1.568627,1.5740988279,1.99479097137977,1.60757899187003,0.371744767952151,-0.208374021563833,0.225574764690787,0.246910491082983,-0.241276989035364,-0.030984927480574,-0.376655894146195,1.98946722334528,1.60328864484855,0.37075264620829,-0.207817907761806,0.224972745112666,0.246251530185488,-0.240633062988795,-0.213070808380853,-0.12015093910366,-0.030902234127857,-0.02991089399174,0.0060712904873,-0.009010079065165,1.94080496958424,1.56407229690054,0.361684057827448,-0.171185336685782,-0.051605848861107,0.061258214812341,0.219469924719423,0.261340724814948,-0.025173836532434,0.012584892211731,0.096128680998658,-0.118330451941702,-0.009595406258597,0.038475216695146,-0.247137875012849,-0.117212054033678,-0.008789693041925,-0.116852459518862,-0.004096907714872,-0.109522559658089,0.055601056444392,-0.002478482989213,-0.015907387738359,-0.03014636725839,0.005922787070188,-0.7161163009737145,-0.3134335166544343,5.0,183.86666666666667,332.5,2008-01-01,0.052490106700000094
2008Q2,1.644059,1.6364177909,-0.504760672108325,0.692997880349699,3.58748809722954,0.267472971219597,0.202065448801258,-0.246839528535306,0.430624378719461,0.073698968450128,0.306034058684553,-0.505659839251037,0.694232367776768,3.5938787502379,0.267949440241676,0.202425402656046,-0.24727924169772,0.431391481186998,0.30766673929673,-0.033636294698556,0.073830253775686,0.086780881349388,-0.01653980403396,-0.046258534298606,-0.503733530186855,0.691587692693116,3.58018788529675,-0.041497463472722,0.274152930883687,0.043847689004166,0.20165426399596,-0.153015517373682,-0.055814765257133,-0.036542698844437,0.020848728995652,0.260668923703757,0.029061258121836,-0.041747060751248,0.156888392936226,-0.033508157390638,-0.046082312611786,0.057838174501165,0.000565826699038,0.189218081599083,0.079394521687098,0.004924917464579,0.072811619005612,0.07354899775441,-0.016476795746625,-0.6818586950466387,-0.3304768185469779,5.333333333333333,196.0,331.07619047619045,2008-04-01,0.06231896299999984
2008Q3,1.784774,1.7689602812,0.699093824151692,1.32847613838344,6.13646429816997,-0.024120200290493,-0.357786943503038,0.1482185980725,0.503666142023232,0.067984393979496,0.057025695919048,0.700098956779834,1.33038617485655,6.14528709171297,-0.024154879393257,-0.358301357069785,0.148431701585224,0.504390295561139,-0.012027337150726,0.052446534117843,0.068082139559314,0.021727649408754,-0.002617217016864,-0.014727805891084,0.696032654358489,1.32265904935623,6.10959414353552,0.113749808254234,-0.034464052205957,-0.059287319568295,-0.356220277407102,0.096451228253282,0.028227656485204,0.024226766736504,0.082761278647782,0.145320737966246,0.072689237567811,0.053118823419101,0.141533386595756,0.052141915079127,-0.014642264104382,0.032296766411751,0.057785731070246,-0.126196563598266,0.031977962376418,0.018001045452352,0.006179542016679,0.067686706075528,-0.002602015758631,-0.6746917670410104,-0.4005938669013785,6.0,200.46666666666667,331.07619047619045,2008-07-01,0.1325424903000001
2008Q4,1.626675,1.6687540928,-1.69624551899202,-2.27375347084368,-2.04709377286685,-1.31117004503366,-0.220991428104131,-0.419212436522764,-0.428332962494755,-0.187887433766097,-0.273529395781567,-1.69685703356425,-2.27457318273497,-2.04783177214035,-1.31164273629489,-0.22107109784004,-0.419363566996801,-0.42848738096158,-0.319798073431705,-0.010270880979826,-0.18795516918129,0.076049196134945,-0.041428601056668,0.025013833366327,-1.69669825939088,-2.27436035220325,-2.04764015719725,-0.799552926483157,-0.553452669185194,0.052319045133777,-0.221050412328055,-0.27890357924212,-0.045748730978995,-0.057803297430307,-0.148101154548921,-0.217281306102401,-0.03581127962613,-0.038234298496401,0.03032493043077,-0.01026991995058,0.025011492827956,-0.087320140535058,-0.1173323601388,-0.022610042914094,-0.118830568530948,0.040625731205611,-0.006133903885524,-0.187937582300045,-0.041424724591839,-0.73728024066575,-0.5168337076509145,6.866666666666667,178.03333333333333,331.07619047619045,2008-10-01,-0.10020618840000006
2009Q1,1.49997,1.4885048159,-1.64184262921363,-0.141346583479349,-3.77531549087168,-0.637174696004935,-0.003900707524781,0.038145567117128,-0.564825599067077,-0.072632145530321,-0.990330451048493,-1.65197114325621,-0.142218549420479,-3.79860538290875,-0.641105421792077,-0.003924770926361,0.038380886826664,-0.568310003871456,-0.474601156249061,-0.464587284220363,-0.073080212701037,-0.038724003988712,0.032404812557202,-0.002880504652105,-1.68203145649362,-0.144806448243672,-3.86772721209036,-0.516444414128857,0.063277349749471,-0.086046742240007,-0.003996188540173,0.10725178034666,-0.043143731248289,-0.017932490782536,-0.255785516477384,-0.117614667526149,0.000916715245344,-0.040112011462648,-0.138703878296127,-0.473041208640731,-0.002932920135898,-0.085729182876618,-0.103039545039352,-0.212980691780825,-0.080277705183496,-0.04831537582105,0.00140836230902,-0.074410026501979,0.032994471050347,-0.7754430884011667,-0.6818359203380457,8.266666666666667,169.53333333333333,296.1,2009-01-01,-0.18024927689999992
2009Q2,1.439771,1.4325181267,-0.138762092635618,0.459179959585907,-3.00341871990772,-0.230182812426686,-0.344478082500568,-0.218906050836131,-0.475657142019562,-0.041895957228803,-0.019204488990689,-0.138876161858029,0.459557428049058,-3.00588767755255,-0.23037203401643,-0.344761260412146,-0.219086002366629,-0.476048155496027,-0.084641777405422,0.1144673092491,-0.041930397781278,-0.02435617943494,-0.016999726509291,-0.004390751268768,-0.136488262865823,0.45165559154383,-2.95420309685206,-0.02738830444033,-0.18583395436334,-0.057922831807121,-0.338833280672488,-0.105957982120004,-0.088869415217148,-0.021440162181419,-0.198101360449542,-0.182042468878641,-0.015692564733372,-0.013452415651235,-0.064363146855333,0.112499106995984,-0.004315254725328,0.015454029174975,-0.00863088392239,-0.119525056891217,0.014112245360107,-0.03233777402415,0.006268709852196,-0.041209427712232,-0.016707425577478,-0.7861329990963292,-0.815623634417733,9.299999999999999,171.33333333333334,331.07619047619045,2009-04-01,-0.05598668920000005
2009Q3,1.429229,1.4268130215,-0.780753207115751,0.344931354791218,-0.163778659597419,-0.125968556262956,-0.051289226334877,-0.050204384117962,-0.062129208236718,-0.01967224866036,0.176685077212666,-0.788382190741326,0.348301787151396,-0.165378992150638,-0.127199434558314,-0.051790389435305,-0.050694946891068,-0.062736292196294,0.175543839057566,0.01345632889936,-0.019864472365656,-0.00101833619654,-0.008202081693014,0.005786123417097,-0.759186731137941,0.335403435343681,-0.159254658342572,0.028061290453413,-0.140465404157854,-0.007007571748749,-0.049872481784326,-0.07144722062706,0.027289939861284,0.001413473390816,-0.021138799918274,-0.014700317658621,-0.020703567249576,-0.021159189824072,0.025902084775022,0.012958012581322,0.005571851029506,0.011219872822156,-0.003876539433082,0.084932389678652,0.03121640685143,-0.001306443784427,0.000998301285395,-0.019128848943124,-0.007898341261533,-0.7715731452952387,-0.8765039925208366,9.633333333333333,173.86666666666667,331.07619047619045,2009-07-01,-0.005705105200000116
2009Q4,1.402628,1.4279987672,-0.457062608091407,-0.546883674074532,-0.465617328601089,-0.024605209037887,0.047435547651182,-0.03610727179262,0.049370087253815,-0.116473829211166,-0.311273457086989,-0.456262098526265,-0.545925849918829,-0.464801836233116,-0.024562114942018,0.04735246798901,-0.036044032732062,0.049283619397362,-0.27771491872476,0.01705756679072,-0.116269834367614,-0.016038227421303,-0.016580670994245,-0.020711813387606,-0.457427680073528,-0.547320489424271,-0.4659892336273,0.167298901475633,-0.194192487156909,0.010816767362254,0.047473436099056,0.054293066048024,-0.058347872214589,-0.034306842123291,0.079556600128404,0.045755410810448,0.016904900736308,-0.024410094306706,-0.058246780782849,0.017101142589923,-0.02076472443238,-0.116088443827297,-0.050251449098412,-0.09793638658748,-0.012956046177524,0.014418046185514,-0.043407595083944,-0.116566860965947,-0.016623028495944,-0.7280164836424385,-0.9925811572331109,9.933333333333334,176.9,331.07619047619045,2009-10-01,0.0011857457000001848
2010Q1,1.441913,1.4404144318,0.318065917102484,0.814248372851241,1.51002201384999,0.368555538717864,0.165924697128235,-0.05420966435178,-0.330511205812281,0.017401819251401,-0.008720001629582,0.315081675162118,0.806608716998317,1.49585428703669,0.3650975797151,0.164367914669821,-0.053701044140376,-0.327410196181563,0.03743658083308,-0.031242815737376,0.017238547314415,-0.017128960982787,0.039201497751779,-0.010626295118781,0.310952684594805,0.796038506049837,1.47625185148915,0.122269642177588,0.25135996696144,-0.025144983086853,0.16221395390121,-0.046364184092802,-0.052187734633985,0.045224528199986,-0.153180075686794,-0.03255214918266,-0.014167072187629,0.02061744669699,-0.118250446247512,-0.03083339399806,-0.010487042728157,-0.092114380764979,0.099394230810451,0.004460387593562,0.049424420396252,-0.003671743111818,-0.01417735193001,0.01701264462051,0.038687781383373,-0.7036171165439339,-1.0970292829653188,9.833333333333334,182.0666666666667,291.7,2010-01-01,0.012415664599999987
2010Q2,1.438427,1.4312538095,-0.077008984421554,0.068592949028956,0.081182347468287,-0.118004805525866,-0.031955184634551,-0.031659146988435,-0.065455925090134,-0.0840712839694,0.016618820153246,-0.077919913864587,0.06940432628105,0.082142643110323,-0.119400669330741,-0.032333178437697,-0.032033639001277,-0.066230194897013,0.038566394217082,-0.043745091842642,-0.085065752476835,0.017368506548927,0.00859813580145,-0.001112780077577,-0.08775878438686,0.078167941963923,0.092514713466647,-0.059458616788854,-0.104178289348727,0.034481530722482,-0.036415856931639,-0.065566462928272,0.032852601628199,-0.001391301012661,-0.012117814853376,-0.056629238028268,-0.00265535139884,-0.053951693961714,0.074248794038478,-0.049268741352082,-0.001253289718247,0.032282497813569,0.043428457773845,-0.015581976554776,-0.017099029463946,0.015973496423332,0.00373830561421,-0.095806920963683,0.009683813910773,-0.6572158960430837,-1.0821347752824806,9.633333333333333,184.23333333333335,331.07619047619045,2010-04-01,-0.009160622300000032
2010Q3,1.446513,1.4348666338,0.669771857763745,-0.135410704448185,-0.212001022511954,-0.131636820852628,0.027258458126886,0.08258121546935,0.095035013789713,0.11108225897951,0.055478449021789,0.64695610074061,-0.13079794312246,-0.204779214445081,-0.127152616734209,0.026329899618718,0.079768088995466,0.091797649071393,-0.125487839944334,0.133592792254033,0.107298245362787,0.053788710678122,0.01160976723356,-0.000764934392865,0.630526395609034,-0.127476277804127,-0.199578765590482,-0.093050767653305,-0.049415552679499,0.013164344985996,0.025661241440965,0.071713683205674,-0.003256043502046,0.008437853006485,-0.036314168675269,0.049258457338945,0.004724098480382,-0.019541543004353,0.113179775504118,0.130200150646223,-0.000745508581904,-0.015082753051785,0.013551720428992,-0.074073600299597,-0.048952578448556,0.052443560614426,0.000896686613255,0.104573364134516,0.011314932619344,-0.6224737939018002,-1.1424278453188599,9.466666666666667,184.63333333333333,331.07619047619045,2010-07-01,0.0036128242999999838
2010Q4,1.429966,1.4476089657,-0.160814644839438,-0.208669400233445,-0.676073454206854,0.268788346267969,0.009216290983876,-0.084113749206513,-0.006484509860343,-0.007062129202431,-0.278667045746288,-0.160654888915866,-0.208462104530384,-0.675401831411176,0.268521327385018,0.009207135364843,-0.084030189185565,-0.006478068041262,-0.216436358882088,-0.001748562816399,-0.007055113567238,-0.03654473775281,-0.018742924294284,-0.006053979385961,-0.164289361028576,-0.213178112340124,-0.690681348743814,0.237514555150043,-0.018189520167374,0.08028215366075,0.009415427047995,-0.053662598821787,-0.015067177222527,-0.018786575791388,-0.0356862769564,-0.003046367516302,0.020580813122929,-0.010853681115394,0.015387965022627,-0.001788120300343,-0.006190937675566,-0.055020775242357,-0.049810467314146,0.024287017353452,-0.130586567098317,-0.033129879364246,-0.00499879756186,-0.007214720376652,-0.019166942739493,-0.5863427739149911,-1.1557856618474522,9.5,188.0,331.07619047619045,2010-10-01,0.012742331899999959
2011Q1,1.456828,1.4624749934,0.604119794280133,0.348026925133879,0.996553740941229,0.199507958718183,-0.08331132879429,-0.020582300537396,-0.041237779553473,0.118611643757713,-0.24321737121924,0.602486112281962,0.347085778486074,0.993858825251594,0.198968442286016,-0.083086035374146,-0.020526641151516,-0.041126262903548,-0.05502728386249,-0.069407262833398,0.118290889979167,-0.029319162180666,-0.017573974462413,-0.066152142731664,0.586376943691833,0.337805459470711,0.967285201321102,-0.15204309717693,0.396593889903903,-0.02298353663479,-0.080864495447353,0.012245974558702,-0.039175117993045,0.006009424342411,-0.105225772217977,0.051746093771439,0.000286554024952,-0.014054768023644,0.031492769094314,-0.06755146355025,-0.06438337828046,-0.081926288155277,-0.047443516640028,0.067657591079713,0.027529520505308,-0.014770920353505,-0.014159748724002,0.115128048792331,-0.017104084589942,-0.577308458457359,-1.2545134731394538,9.033333333333333,195.9,290.8,2011-01-01,0.014866027700000117
2011Q2,1.500597,1.4942661429,0.005575976453728,-0.114494914876284,1.99498048827327,-0.190587997734629,0.38797479439372,0.125407531945291,0.292002857225851,0.047256099069621,0.456291974479471,0.00558944758594,-0.114771525864244,1.99980020878155,-0.191048443778502,0.388912111843888,0.125710506966535,0.292708313831755,0.288012427193742,0.049769074366027,0.047370266197886,0.01483224233898,0.088738726619347,0.008783453087049,0.005590807237861,-0.114799444405393,2.00028666676135,-0.157174324880417,-0.021733133960756,-0.010261000690335,0.38900671600693,0.095200441342579,0.014658378973545,0.018571533141837,0.033567994982705,0.069061043358514,0.030130598046589,0.01764851540687,0.14431503052244,0.049781180857064,0.008785589692001,0.138628118410897,0.097989666546945,0.02368729939844,0.017932674231592,0.041975961390266,-0.024585604943987,0.047381789169608,0.08876031260471,-0.5329502579766126,-1.2066940707737819,9.066666666666666,203.70000000000002,331.07619047619045,2011-04-01,0.03179114949999984
2011Q3,1.541206,1.5207769936,0.474405090316741,0.574587956034674,1.08390297580832,0.388855167259764,0.310802469842654,-0.055733683437151,-0.016261953270922,0.004731463898411,-0.059095978568729,0.471244115036213,0.570759459345669,1.07668089795521,0.386264213700842,0.308731583729889,-0.055362328225046,-0.016153599393697,-0.113434160471572,0.064483094408055,0.004699938013248,0.002650740493507,0.005427379003091,0.000202174299176,0.459825094208915,0.556929017863522,1.05059114697536,0.303364355091421,0.030349623874754,0.065330905668804,0.301250509108221,-0.031658344962769,-0.048594310527556,0.030005737151205,0.001302667069726,-0.141036320829051,0.007066038931979,-0.034875650040986,0.162093911556379,0.062920562855815,0.000197275283645,0.033119062004935,-0.035775670194022,-0.119175038216947,0.04046614943428,-0.000427849663636,0.003042719794365,0.004586050777172,0.005295864674037,-0.5135486705733054,-1.1345771181420854,9.0,203.83333333333334,331.07619047619045,2011-07-01,0.026510850700000033
2011Q4,1.541088,1.5457360812,0.032493372559569,-0.030630022647716,-0.040771524485422,0.043561059229982,-0.026539684244554,0.009553663189532,0.012673359075845,0.011122899149497,-0.019098608822915,0.04769683986523,-0.044961638950669,-0.059848292784229,0.06394303523474,-0.038957454079204,0.014023768768629,0.018603152913113,-0.014228925470061,-0.000323755032833,0.016327241457526,-0.002682977133833,-0.006657089768786,-0.00056939201527,0.052171204968722,-0.049179419182884,-0.06546256646494,0.053338675032748,0.025334043169248,-0.013144539092147,-0.042611991228363,0.021776495412977,0.002918963503477,-0.007370671470988,0.02171054184379,0.013468320604849,-0.002153105666346,-0.003649865839091,-0.009175670032693,-0.000354125980397,-0.000622805779571,-0.003958164714906,-0.006125231867569,0.017042380353629,-0.021623412084152,-0.002662320340793,0.002120484242718,0.017858874153468,-0.007281580829916,-0.47166826681310653,-1.1127022460355054,8.633333333333333,200.76666666666665,331.07619047619045,2011-10-01,0.024959087600000096
2012Q1,1.576907,1.5824175005,-0.34599449060199,0.686312930475721,1.32219588994765,-0.067969052419393,0.201459953113912,0.162111161680062,-0.214680817511104,-0.058296373913082,0.639131409630609,-0.355575108491494,0.705316996054496,1.3588076108043,-0.069851121458347,0.207038396992727,0.166600034051815,-0.220625348293715,0.161977418849233,0.142859220238718,-0.059910605651478,0.010437639383925,0.280836435440535,-0.003640957453258,-0.338481221693834,0.671409648255539,1.29348441213036,-0.224094163062394,0.095383989442626,0.055092824597058,0.197085251135511,0.070356786791158,0.062535597905321,0.023257710925832,0.140208798862164,-0.02218693868575,0.008651927639004,0.027701240271754,-0.303441760226299,0.135991418533854,-0.003465922387646,-0.037118805666576,0.179668674005094,0.123101978682369,-0.059181427342647,0.03213324986601,-0.014127720159652,-0.057030468405307,0.26733552912373,-0.42290741415039346,-1.0736682687556198,8.266666666666667,202.16666666666666,298.8,2012-01-01,0.03668141930000002
2012Q2,1.626998,1.6211889619,-0.407828729525556,1.13685429589534,1.32130710077425,0.14591158895083,0.079744151620994,0.217008512205637,0.291359158750631,0.12082857785616,0.271319051385951,-0.41928199895465,1.16878117520396,1.35841406556942,0.150009301125325,0.081983648724604,0.223102876803254,0.299541551804455,0.376544203972073,-0.075862505219188,0.124221870588625,-0.071044954291424,-0.039061495289345,-0.000844032008521,-0.391230692704295,1.09058597781152,1.26753182152222,0.297719959806341,-0.2062739023579,-0.00165589523751,0.076498680510055,0.100465591412249,0.049982883502997,0.058243266316481,0.00062459826126,0.036846021905129,0.011928109358864,0.034326402204968,0.227699721834076,-0.070787061089267,-0.000787563568773,0.082379544655143,-0.016176852295396,0.403932710230991,0.041725066382467,0.019725502770626,-0.016263057208001,0.115911030291614,-0.036448156363837,-0.39313812432943074,-1.0126316681308525,8.2,201.79999999999998,331.07619047619045,2012-04-01,0.038771461399999874
2012Q3,1.595538,1.5821262107,0.317814507805874,-1.7970651109709,-1.02438991452456,0.167647615783617,0.270611255163537,-0.141046620202805,0.039354665935891,-0.009199654835565,0.24268074180237,0.321296396759071,-1.81675326551075,-1.03561285053808,0.169484317270314,0.273575998166642,-0.142591888442766,0.039785824907002,0.141137595121507,0.084701685620247,-0.009300443732076,0.024396597443023,0.023518191920205,-0.007230672937937,0.355353175830917,-2.00932549859393,-1.14538575316368,0.053223064021748,0.141345687599706,-0.01140243431302,0.302574509894284,-0.107521787906683,-0.01043773919296,-0.025291138997069,0.18801439495552,-0.06960499656326,-0.004314355203285,-0.040220661474702,-0.038875634922607,0.09367989584618,-0.007997109887509,-0.042099465633512,0.069377170831406,-0.183428028155197,0.530575022254124,0.001909118492296,0.010535248863252,-0.010286272274297,0.026011073491831,-0.3689400028818742,-0.9781011517695096,8.033333333333333,202.4,331.07619047619045,2012-07-01,-0.03906275119999991
2012Q4,1.607117,1.6088731205,2.22352174359212,0.072002538870642,-0.100438738901269,-0.430456128000341,-0.314030824080765,0.124501335666388,-0.299133249082128,0.059127939265005,-0.609416988979578,2.00003296931098,0.064765479370717,-0.090343523630982,-0.387190478466376,-0.282467218240001,0.111987560618039,-0.269067015893408,-0.25759584494116,-0.283792549344393,0.053184920848232,0.034127184395291,0.007941133660964,0.024095010694823,1.79739647396628,0.058203662661138,-0.08119022703328,-0.0468911806309,-0.264225240950436,-0.005062587883576,-0.253848606412646,0.087687406078307,-0.007708036208783,0.01793842365414,0.198673698948016,-0.06042577922565,0.012607926423603,-0.136587886567172,-0.193568707311882,-0.255039659539147,0.021653786676508,-0.008908201778208,-0.024979241583842,0.05853307376551,-0.273974645211492,0.027886504568322,0.0025737000345,0.047796406693712,0.007136565176956,-0.347227426650516,-0.9496291689540928,7.8,202.26666666666665,331.07619047619045,2012-10-01,0.02674690979999994
2013Q1,1.59082,1.6167149066,-1.10568817636185,1.52460198976538,-0.729879077637605,-0.082938364348275,0.186221133282926,-0.152336204985231,-0.963687230253485,-0.119835812030989,0.429498266457585,-1.12680230771503,1.55371566520923,-0.743816789137873,-0.084522148607585,0.189777196885326,-0.155245204687398,-0.982089723158152,0.526270319262235,0.036397340930266,-0.122124187008752,0.002765490901498,-0.054173655458062,-0.054195473556649,-1.53055895020473,2.11044422015491,-1.01034177521368,-0.271387342737706,0.213596369288722,0.003207660390175,0.257778303486267,-0.114560998583009,-0.099158753722234,0.00390618379818,-0.628804799148869,-0.114545790968449,-0.003134625542177,-0.073703087531514,-0.456256360378443,0.04943926325392,-0.073614836028872,-0.028262214140136,0.021540730129949,0.861529183156426,0.098909448544669,-0.000888731263521,0.010292443922713,-0.165883816674598,-0.073585200051156,-0.29820312513565367,-0.9665511531239321,7.733333333333333,203.6,297.0,2013-01-01,0.00784178609999997
2013Q2,1.623509,1.6184663298,0.259488353258898,0.305619194141293,0.349524405529849,0.303107621286311,0.159091649490278,0.116635539237997,0.226972225602786,0.048029853142174,0.286361300812469,0.255360879137685,0.300757953553138,0.343964799787088,0.298286330274272,0.156561105598884,0.11478031080779,0.223361959564184,0.04274991338598,0.266442645535713,0.047265880604327,0.004493830975011,-0.002849241818305,0.003653775086013,0.255809453044836,0.301286273215675,0.344569017776274,0.157510188267662,0.111644420045845,0.020791274848498,0.156836125127309,0.004641555137532,0.09459532792257,0.008123871335494,0.278084577012037,0.007444953523147,0.002564445761563,0.008928029677299,-0.070112370024165,0.266910685997594,0.003660193407324,0.039880908195724,-0.006375023071812,-0.00613725106187,0.026151803560706,0.017011321603143,-0.013484301047242,0.047348909144587,-0.00285424687797,-0.2808770583869879,-0.9050099810615567,7.533333333333334,203.96666666666667,331.07619047619045,2013-04-01,0.0017514231999999907
2013Q3,1.644783,1.6043279987,-0.239447266409432,0.163709692991928,0.508328705536599,0.027983922828279,0.024494830199986,0.123301527122061,0.40092688561226,0.018884068863764,0.282202289079452,-0.24197453728611,0.165437583863051,0.513693913375879,0.028279282033237,0.024753363417299,0.124602925830809,0.405158509850861,0.090691528092299,0.132902333271628,0.019083382719078,0.005709503967227,0.027185358851665,0.014861507874664,-0.238189996375148,0.162850099565944,0.505659614879999,-0.115913086268342,0.16110226518519,-0.002354614982799,0.024366214755953,0.061110809626591,0.061504852934358,0.002146185453363,0.118028822841365,-0.007649814491403,0.026516606467454,0.019290795588478,0.262635696998225,0.130823708254668,0.014629070255203,0.067126035367781,0.03463980888947,0.020799603507009,-0.052356086223427,-0.022012452329136,0.030085428776738,0.01878491394422,0.026760173187397,-0.23241645993076973,-0.7973285542045664,7.233333333333333,204.16666666666666,331.07619047619045,2013-07-01,-0.014138331099999846
2013Q4,1.59307,1.6167266406,-0.933258898257154,-0.186973529941244,-0.705948941376799,0.199337465024005,-0.269912069168885,-0.167530827012322,-0.425699544921945,-0.03866988811792,-0.615413458425812,-0.96304027309633,-0.192940072308828,-0.728476591527842,0.205698554930271,-0.278525276606831,-0.172876930174182,-0.439284111434228,-0.068944231013432,-0.423036593036086,-0.039903889128442,-0.020292999221858,0.010322078444208,-0.032769357914452,-0.98751144446543,-0.197842743267875,-0.746987422192463,0.090392664785929,0.157658389617393,-0.03520117662788,-0.285602695876164,-0.107490327839583,-0.01786748872393,-0.041876487438654,-0.269865264988726,0.035055560712733,-0.016083071221735,0.000189109826343,-0.161196685586211,-0.433786092427415,-0.033602038107152,-0.005320576966853,-0.06465130030417,0.030298215215664,0.001189574180096,-0.035254120729661,0.011619224991753,-0.040917860140325,0.010584365865257,-0.18115133652069992,-0.6965898097513867,6.933333333333334,201.9,331.07619047619045,2013-10-01,0.012398641899999951
2014Q1,1.627779,1.6341438068,1.29106096583096,0.220816887392944,0.039715437367382,0.080592125187763,0.427318436632204,0.095479518603526,-0.030806301987926,0.045085810018115,0.009508860746317,1.29264853060442,0.221088416864592,0.039764273812577,0.080691226021185,0.427843892603195,0.095596925856212,-0.030844183224568,-0.145455476572198,0.135378269940119,0.045141250191906,-0.00448487647773,0.019434292936319,0.001969197250507,1.28024925719983,0.218967704500029,0.039382849094473,-0.001988935400669,0.071851909416746,0.020866319857094,0.423739951524826,0.122814540503481,-0.033374340954131,0.010806956193923,-0.001565308469225,-0.025094631430982,-0.000137536739953,0.042717600968245,-0.035518101651997,0.134079701812346,0.001950308422423,-0.07821263738706,0.075931178589235,-0.134549256265428,-0.019316032870054,0.023193213000541,-0.021979095178552,0.04470824873002,0.019247876360654,-0.17992040189206776,-0.6315791346344195,6.666666666666667,205.5,298.5,2014-01-01,0.0174171662
2014Q2,1.669892,1.6649215964,0.491514818313634,0.79263335519697,0.318244323124943,0.168069919831486,0.033742959152483,0.049634932230152,0.075424861228821,0.099834492944083,0.558039225985189,0.485900533589785,0.783579570478656,0.314609205367991,0.166150155971735,0.033357533174652,0.049067981590012,0.07456332739297,0.520235085810463,0.064726744103274,0.098694142242186,0.030146955859409,-0.063867315652591,0.029974968092155,0.491673919992009,0.792889927910882,0.318347337720033,-0.041803236550687,0.174725479887563,0.005396269200941,0.033753881634295,-0.010554285325592,0.038307818247024,0.031168489158328,0.113630706199558,-0.034381861123164,0.003707384816293,-0.013592007416492,0.002154001379773,0.065495816123315,0.030331125496827,0.02930114297507,0.01327138086832,0.172103472417155,0.311498192512323,0.030276734793858,-0.005803435803017,0.099866809030946,-0.06462617610387,-0.11087915327757675,-0.5808554595131159,6.2,208.20000000000002,331.07619047619045,2014-04-01,0.030777789599999883
2014Q3,1.735101,1.7152021133,0.592282785773224,0.481735392352529,1.18583662365427,0.281654894690395,0.117974450619565,0.302160070112614,0.360435876328873,0.000198233272829,0.582716004748844,0.594613955003452,0.483631457468995,1.19050396488106,0.282763461819424,0.11843878693905,0.303349343680751,0.36185451797471,0.308742313754125,0.268042152022459,0.000199013498507,-0.002528191072286,-0.017565688119701,0.01294924370259,0.599034012061166,0.487226527212622,1.1993535645288,0.243293297058225,0.039331196171121,0.015302047748936,0.119319200510488,0.186477898622425,0.105320770046819,-0.021966382619421,0.148872970700568,0.058762940985964,-0.006937170374474,0.027333001234084,0.128149569479302,0.270034640751207,0.013045501779971,0.185342477952305,0.024278133142443,0.035377275773258,0.073208911051887,-0.005793735155504,-0.001876547442904,0.000200492864893,-0.017696262477644,-0.0493819261237526,-0.5519515120789814,6.066666666666666,207.13333333333333,331.07619047619045,2014-07-01,0.050280516900000016
2014Q4,1.693793,1.7271454386,-1.23848449243159,-0.066640531913314,-0.284379300153816,-0.709144193137057,0.234556843854543,0.053211742372304,-0.114647089160894,0.23715439185716,-0.492371415363524,-1.21788564906704,-0.065532146716714,-0.279649418823744,-0.697349495519436,0.230655624504182,0.052326708808958,-0.112740244598721,-0.502813316363264,0.058173530551255,0.233209969316045,-0.011275974558268,0.008742745286696,-0.076606376762812,-1.23653950232073,-0.066535875632231,-0.283932693840575,-0.435134283274822,-0.041909264682187,-0.168945533584278,0.234188481766407,-0.100664476186722,-0.064589649273563,0.205978423618052,-0.168161616170875,0.054963495038574,-0.051969832028318,0.049324286824343,0.010248085989713,0.059064550574905,-0.077779725093342,-0.201907653262038,-0.059416633157441,-0.141312744976226,-0.115151943350773,-0.088843129230718,0.062624583541291,0.236781950425246,0.008876654318558,-0.02616850933190291,-0.4639014985322112,5.7,200.4333333333333,331.07619047619045,2014-10-01,0.011943325300000085
2015Q1,1.719765,1.7210379981,1.14584296591589,0.60077709843132,-1.24157536679413,0.562514414344789,-0.136541206085829,0.146459233920902,0.288934553597328,-0.091295105142808,0.258228864624814,1.133192534283,0.594144348709814,-1.22786802235881,0.556304095514817,-0.13503375241301,0.144842282400951,0.285744634096403,0.226341716589454,-0.037438316922118,-0.090287181255574,-0.033385557653362,0.059487024602393,0.057301647107906,1.12563624992249,0.590182512114148,-1.21968042868908,0.264049145783801,0.256951297173393,0.032799102637952,-0.134133328692208,0.165713668481955,0.005798834921479,-0.012595345582733,0.249441270640591,0.005045121512108,0.005231554117329,-0.039482320671667,0.07050854374354,-0.037188673050135,0.056919551809381,0.045383984043118,-0.059469171198533,0.146516115442553,0.079038630183687,-0.017672179199046,-0.015053905634806,-0.089685133863836,0.059090356904186,0.006428981401845409,-0.39666206979739344,5.533333333333334,191.53333333333333,313.9,2015-01-01,-0.006107440500000116
2015Q2,1.704847,1.6996541948,0.607799967653019,-0.055140749947744,-1.95090128185706,0.26225884054724,0.178465745974565,0.074752627353266,-0.037977095752857,0.007707019957744,0.04560307131558,0.597935276887722,-0.054245806745471,-1.91923784189561,0.258002337584322,0.175569218348409,0.073539380245189,-0.037360721412083,-0.181254090978167,0.163027792364604,0.007581933789519,0.036562990904854,0.07149153903744,-0.059043863037914,0.569815007114422,-0.051694683274904,-1.82897809657174,0.074338147472715,0.17983976260715,0.003456169412116,0.167312381906219,-0.019301533504443,0.066532537324349,0.023216360158817,0.006627692517995,0.028293591556796,0.010411307164909,-0.010320881892539,-0.068437109265385,0.155360766047071,-0.056267092007179,0.023738678065409,0.070323452744108,-0.256254194691336,-0.064798310953481,0.017012427293816,0.01698703523886,0.007225363385198,0.068129366838868,0.05297484048819015,-0.22354443672031624,5.433333333333334,193.03333333333333,331.07619047619045,2015-04-01,-0.021383803300000004
2015Q3,1.706301,1.69402688,0.036717260286644,-0.154569475997438,-0.024485110616742,0.018968101199177,0.009917182518151,0.020710871565938,0.096894426883996,0.001683142913703,0.079449721870877,0.035134707192805,-0.14790736672056,-0.023429776228747,0.018150555799622,0.009489741370995,0.019818210904354,0.092718173698992,0.003080137862013,0.063416050463893,0.001610597658345,0.002681684402537,0.00601905862695,0.004504345527865,0.032674042291695,-0.137548650336268,-0.021788868057482,0.036168677978004,-0.019668470631451,0.006618974241662,0.008825125798758,0.009603220542482,0.013439068411025,-0.004927489850144,0.023793614465291,0.012261571735782,-0.000840252233745,0.001203794721906,0.052651210035987,0.058974697111957,0.004188882960197,0.00526438321238,-0.002546157036293,0.001238184814869,-0.003832781228468,-0.000732435977285,0.003170465605748,0.001497799190816,0.005597512882397,0.0791996240205867,-0.1558730433667815,5.1000000000000005,191.63333333333333,331.07619047619045,2015-07-01,-0.005627314799999894
2015Q4,1.662658,1.6820447218,0.370382705639371,-1.21294631773079,-0.824360574414082,-0.613172688664516,-0.015378579038002,-0.080796939308862,-0.162189310369787,-0.055544193543573,0.036233777496742,0.368284710936768,-1.2060757082741,-0.819691068799891,-0.609699435166445,-0.0152914686604,-0.080339273357927,-0.161270605712868,0.236687867988119,-0.180578978601098,-0.055229569156854,0.002121358825499,-0.010407526798053,-0.026282423304603,0.374949575953301,-1.22790211476694,-0.834525054991259,-0.253972695531312,-0.193440688614981,-0.104032175860181,-0.015568199064843,-0.085407736714657,-0.006511657296878,0.013937957585649,-0.20661567217281,0.033685022436376,-0.008361169698332,0.031228974590987,-0.009903992937615,-0.183846924511777,-0.026758057492504,-0.07208870628322,-0.050489465159008,0.274759935326629,0.066615290626491,0.019893023655588,-0.026592655575653,-0.056229061168799,-0.010595872289454,0.08641239729215233,-0.18296549662327347,5.033333333333333,185.5666666666667,331.07619047619045,2015-10-01,-0.011982158199999926
2016Q1,1.631144,1.653568893,-0.973420505438509,0.634877961591441,-2.04542035602424,0.436530670615149,0.25625251486433,0.03426905648482,-0.185788107465656,0.04277987084015,-0.095430789721463,-0.957069105749427,0.624213358537135,-2.01106163322021,0.429197881314988,0.251948016181429,0.033693409028799,-0.182667261350998,-0.120541044399693,-0.120354361003846,0.042061259754094,0.042724205778897,0.037415870309766,0.035089720140528,-0.939686169678878,0.612875973577833,-1.97453537180284,0.177469327183105,0.189666611232404,0.062251500706886,0.247371966005811,0.041307242515804,-0.009549562059588,-0.000477060224438,0.014122809431382,0.031337337738404,-0.026902662418486,0.015099599003825,-0.166361967054175,-0.118168403747442,0.034452396924049,-0.027066671772838,0.026133169434868,-0.212497391474088,0.030983274275532,-0.01016488163398,0.028955637046471,0.041297314723683,0.036736297981546,0.10595496426911857,-0.1193490562437407,4.8999999999999995,182.0,323.4,2016-01-01,-0.02847582879999999
2016Q2,1.677906,1.6705794356,1.57847619496244,-0.05403115319087,0.461985041389135,0.310503278349321,-0.251362537224197,0.145060394811271,0.236208779020885,0.033519190157865,0.406446146229878,1.51266835289725,-0.051778554391638,0.442724542711728,0.297558166628193,-0.240883046830901,0.139012719474313,0.226361060016073,0.283472899468964,0.236445737436068,0.032121750284941,-0.008188484343633,0.042979124090985,-0.045688932971008,1.50320067255102,-0.051454476201342,0.439953562256873,0.236809795997434,0.09881678341438,-0.014957049775028,-0.239375377487172,0.070868041335001,0.057204634721844,0.0101069759656,-0.048944589630611,-0.009431012255127,0.094881182861826,0.028215333122945,0.144350191995482,0.234965840895432,-0.04540296929973,0.117248692900269,0.0674659330258,0.024935077769554,0.078510859151622,-0.004425530188265,-0.001368062142664,0.031920702604435,0.042710120903454,0.14593913895461091,-0.05356544018136624,4.933333333333334,185.36666666666667,331.07619047619045,2016-04-01,0.01701054260000001
2016Q3,1.679756,1.6469191517,-0.077478727756638,-0.116436875551281,0.201025693676112,-0.002077712107228,-0.038402369275399,0.040839877278895,0.069217645800746,-0.025422045015962,0.058974578287134,-0.061022068518113,-0.091705416526303,0.158327375911668,-0.001636401296952,-0.030245618089575,0.032165393804856,0.054515659296866,-0.008047160327575,-0.00414778389775,-0.020022344429932,0.080630790408488,-0.006588345103481,0.008015984066702,-0.07122226994429,-0.107034521927242,0.184792737769081,-0.04957020658609,0.058862090178854,-0.001781657799526,-0.035301352906609,0.004779281806367,0.031174979257554,0.002427516739394,0.0180188990129,0.050758774015784,-0.006438658901226,-0.008934854449996,0.01339514301983,-0.004841110627467,0.009355903444331,-0.018198503353963,-0.02512305240915,0.05230118237728,-0.020196377241672,0.042831737664212,0.021243210612097,-0.023369198293396,-0.007689626144237,0.18488329333488343,0.014472663561249842,4.8999999999999995,187.0666666666667,331.07619047619045,2016-07-01,-0.02366028390000019
2016Q4,1.653447,1.6519440139,-0.157774132735914,-0.517772038430913,-0.28867583260935,-0.286112963346092,0.105797650326639,-0.340690626810791,0.109510495008626,-0.022773268617321,-0.16774673087416,-0.156990957157495,-0.515201868308415,-0.28724287382374,-0.284692726324154,0.105272481079053,-0.338999471745769,0.108966895561499,-0.157448652148726,0.00799465129975,-0.022660224333145,-0.075361466232744,0.07115655491645,-0.021029790571122,-0.159900585471618,-0.524750481405614,-0.292566556130402,-0.130294068208461,-0.050519081949207,-0.115008504734801,0.107223572969531,-0.263203460609083,-0.125233659512553,0.034822611659737,0.162346163763988,0.021639145062467,-0.017805724618519,0.025252184635844,-0.06007547615382,0.008142822019366,-0.021419551064872,-0.0321006807655,0.075043278795835,-0.218427695513516,0.039844250635512,0.007192175483791,-0.085833275323498,-0.023080202838177,0.072475351394419,0.2272288220701612,0.11392010952656145,4.766666666666667,187.0666666666667,331.07619047619045,2016-10-01,0.00502486219999998
2017Q1,1.617234,1.6575356216,-0.522180507042727,-0.246928129091632,-0.271005869521054,-0.361186719441463,-0.336901384897932,-0.027600540610499,-0.047046058429087,-0.040157640882327,-0.337139470886166,-0.535920367648028,-0.253425418919628,-0.278136704070399,-0.370690435389115,-0.345766093680296,-0.028326779091704,-0.048283956594151,-0.090649813293079,-0.196990430089671,-0.041214287728512,0.012261181054257,0.001953378216082,-0.014956593721954,-0.563342778540744,-0.266392897646333,-0.29236863001648,-0.170027273972885,-0.179755694375072,-0.004577383582847,-0.363458535373879,0.105175133295233,0.004605833233131,-0.07816466468893,0.034353742977321,0.032465969496092,-0.00077481159307,-0.043101491586772,-0.05770193994419,-0.207070197218848,-0.015721904926034,-0.002200237214963,-0.106466382419452,0.070974188849113,-0.041860534207182,0.003837871482364,-0.007303858946657,-0.043323174051749,0.002053330267042,0.2682754016038656,0.14277350790956964,4.566666666666666,191.26666666666665,331.6,2017-01-01,0.005591607700000001
2017Q2,1.684628,1.6737233611,0.961551289712935,0.35714659418878,1.76892253285554,0.08769594365498,0.201011172335045,0.059282642372309,0.202945103883335,0.216809061331285,0.311897823390791,0.955090339242113,0.354746819492867,1.75703661374619,0.08710668840524,0.199660518198935,0.058884304583624,0.201581455081969,0.043504594561352,0.292480607413499,0.215352256459689,-0.002559439782707,-0.00139154597534,0.005768952276733,0.948348531194069,0.35224272656732,1.74463401358763,0.03903094036031,0.012585921742731,0.036820249944282,0.198251151113401,0.022060754437947,0.007757314208891,0.044772765388187,0.18210745482347,-0.103574219826224,0.010323805450122,0.007384012237958,0.11285352326224,0.290416040289713,0.005728230297432,-0.009683303028916,-0.022674138451416,0.0403896456577,0.034834712784772,0.002129234945376,-0.001927604230265,0.213832124262728,-0.001381723301942,0.30240300499278955,0.16112924698408795,4.366666666666667,193.13333333333333,331.07619047619045,2017-04-01,0.016187739500000076
2017Q3,1.734304,1.6883532111,1.31236758234813,0.152515448547258,0.171060432196763,0.201130415809409,-0.124355525054564,0.17424354152099,0.649117397454561,0.119561246733791,0.29312606792597,1.30965075725901,0.152199715513887,0.17070630787937,0.200714041486726,-0.124098087880849,0.173882827621398,0.647773613549474,0.008447040209029,0.036689544898402,0.119313734527569,0.110578479107329,0.121488259050528,0.021420374254532,1.26933275789016,0.147514200693599,0.16545106194769,-0.073737000662935,0.27344508657237,0.023357318961453,-0.12027769025941,0.153164992142091,0.084721192686165,-0.04177564769547,0.127979809702992,0.08827156577717,-0.006739096394527,0.015955688871541,0.407407477302341,0.035560046029648,0.02076094147795,0.026116384390132,0.080124754649031,-0.034670056216919,-0.068318845622076,0.123993391176077,0.017739443579393,0.115640624695892,0.11774820581525,0.35706261520617383,0.16287456785843757,4.333333333333333,194.03333333333333,331.07619047619045,2017-07-01,0.014629849999999944
2017Q4,1.661883,1.6854798849,-1.54931073750725,-0.445530584445971,-0.812609885990824,0.019452501377398,-0.246081559556249,-0.14296975452074,-0.795666020140172,0.042856817539796,-0.245962873296652,-1.55853896484728,-0.448184317718285,-0.817450070108737,0.019568367161475,-0.247547305934258,-0.143821331549552,-0.800405280484151,-0.103535148167616,0.00547472953301,0.043112087477991,-0.052735996168737,-0.003903205681067,-0.067855660316532,-1.710839349784,-0.491980877146201,-0.897331268482877,0.530491174945259,-0.325449271850191,0.01657307935087,-0.271737621891407,-0.147279907197706,-0.087570620170959,0.077388119081249,-0.520450297144551,0.061293208055637,0.002953460362763,-0.110483804778674,-0.292959173410955,0.006009719951325,-0.074486513570379,0.045428547096244,-0.152738868164623,0.225241113183915,-0.064365693151478,0.000998253022392,-0.037565877572117,0.047324999486344,-0.00428462683063,0.4312099072189921,0.23442996648580164,4.166666666666667,195.70000000000002,331.07619047619045,2017-10-01,-0.002873326200000026
2018Q1,1.674676,1.6927262722,-1.00414547669667,0.81629894025361,0.647341758690105,0.502516027911122,-0.027273154511598,0.070781634030633,0.135217372703496,0.019741835911095,-0.390652518544606,-0.591876401854412,0.46583072789632,0.370202522336736,0.292778022490182,-0.006579560273062,0.035649101205728,0.082478088621058,0.111294731044529,0.192870318081877,0.014664176817618,-0.200766493190251,-0.004719093724156,0.018536670388409,-0.468674452940755,0.380999036531573,0.302140030077282,-0.020169713528953,0.410552705813288,-0.044134735485976,-0.012729461085917,0.043970754340055,-0.007172853220861,-0.002492653996627,-0.042198878870675,0.048959173470539,0.009303801223511,0.013284725646613,0.03601463064982,0.158698860935891,0.015210810053014,0.049330896145653,0.037643494504524,-0.020215923275871,0.026190007689459,-0.154544590269891,0.00450878395388,0.009171205558135,-0.003819234486919,0.49394366513719706,0.3561327810516275,4.033333333333333,198.83333333333334,345.0,2018-01-01,0.007246387300000157
2018Q2,1.752068,1.7357344195,0.48319169932166,0.413537771112226,2.34855102146881,-0.215324155115206,0.255552096227992,0.090053934443836,0.953004969773536,0.065231428451085,0.22751960582068,0.477490756223599,0.408658640734117,2.32084161393567,-0.176800796184407,0.252536961740034,0.088991432016091,0.941760840598398,0.06503218126149,0.142844170285422,0.064458863845534,0.025306493990055,0.031803471706001,-0.021606258619651,0.476734655346647,0.408011534681511,2.31716658906314,-0.179695708364278,0.013807212178313,-0.006954145282067,0.252137072494454,0.072453551438636,0.002331096564193,0.014107443446486,0.258981230597997,0.12597596035242,0.006197648640031,0.087533290462982,0.456538858798283,0.142617978254131,-0.021572045382286,-0.012975559248182,0.063843666032223,0.002001588486241,0.017559270449134,0.007448160056794,0.020959117089184,0.064356794011312,0.031753111291102,0.5482604044180037,0.3737128219597684,3.9333333333333336,202.5666666666667,331.07619047619045,2018-04-01,0.04300814729999991
2018Q3,1.844641,1.8250995182,0.284033039883581,0.61350375576415,2.5609742267187,0.498831921992843,0.335555693048011,-0.002780317527621,0.611218150399085,0.129365937064298,0.252909193172803,0.287748676634175,0.621529431544284,2.59447613887494,0.483488743182583,0.339945334003022,-0.002816688800321,0.619213808660813,0.249461961619561,-0.118597255105269,0.130903438504654,0.082893621807954,-0.021554190773295,0.016918580336333,0.286674780573885,0.619209844842554,2.58479339162183,0.179792412708077,0.254400119640305,0.055056377550529,0.338676636751948,-0.12913552136722,0.145740348356258,-0.013395624130319,0.232775656346631,0.149393078025583,0.001784550829115,0.023866554973461,0.2046726631906,-0.118154642734606,0.016855439132949,0.166105072973671,0.00778931073111,-0.004382237077628,0.096622609415308,0.018690119796357,0.05683950885285,0.130414898683589,-0.021473749213253,0.595142677357216,0.3218421429147213,3.766666666666667,203.76666666666665,331.07619047619045,2018-07-01,0.08936509870000009
2018Q4,1.873043,1.8732756167,0.541747845735301,0.432493431512882,0.628784593573461,0.167523939681275,0.205855186764369,-0.189964949024673,-0.000921235574438,0.088813363710175,-0.334632035855257,0.490005247852816,0.391185775399449,0.568729073967525,0.152277597936563,0.186193858656419,-0.171821305177458,-0.000872367632162,0.215335173649082,-0.333652413496555,0.080400025676691,-0.044326736424261,0.01327337463611,-0.007027164450299,0.436556580102448,0.348516112920919,0.506693388722175,0.095972352202414,-0.080931458738502,0.170903029815113,0.165884252306678,-0.070488766657837,-0.051689031991744,-0.026372515911294,-0.097995374343624,0.12072817543397,-0.002994360902379,0.014450456897104,-0.019683409040046,-0.297258360530861,-0.00626065719223,-0.091770482353254,0.022914019000717,0.309984763420548,0.050381554331918,-0.033368448298696,-0.00792739574336,0.071630172131173,0.011825544853985,0.6207852475358004,0.23034927944940756,3.8333333333333335,202.63333333333333,331.07619047619045,2018-10-01,0.04817609849999993
2019Q1,1.849188,1.8960456256,-0.882885478665902,-0.067713367732583,-0.263534727753628,-0.149204271014839,-0.371829318109937,0.163910573985891,-0.053153896963943,-0.09141534399909,0.442226342266766,-0.888885323579343,-0.068173529008841,-0.265325636608065,-0.185040010276346,-0.374356167131238,0.165024464798576,-0.053515113480426,0.271660490735565,0.247266803432188,-0.092024105717818,-0.032173410871848,-0.018811501906448,0.020753551678998,-0.948823847055924,-0.072770545694746,-0.283216838721219,-0.136429447143089,0.042277738343898,-0.070395237793452,-0.399599418805273,0.133471812379512,0.034360372348565,0.008357147015414,0.068559026023282,0.112942520320344,0.008784196489297,0.022608872473479,-0.197591233253026,0.263940278319233,0.022152986692353,0.194513285532185,0.036347448532031,-0.059998003259966,0.097510781178921,-0.001131867223698,-0.031160139067354,-0.098229393270781,-0.02007998233961,0.6624835616481899,0.2544262520377892,3.8666666666666667,199.70000000000002,352.3,2019-01-01,0.022770008900000027
2019Q2,1.9548510974,1.9326776101,1.59031988012607,0.600113748105263,1.59962138910375,0.988382362866475,0.240452183774434,0.241340242554795,0.22922847727475,0.219492332013196,0.00509039500412,1.59332164923262,0.601246477996168,1.60264071505843,0.934648763833411,0.240906043366494,0.241795778383642,0.229628386748649,-0.084037852340831,-0.020759549430603,0.219894786383824,0.047274868113568,0.06211646994566,0.045364473537537,1.59062980239652,0.600230698582579,1.59993312415372,0.214799401999089,0.651503294265117,0.086367607900608,0.240499043213396,0.107307709444792,0.1288418410411,0.001091623839842,0.04157316699717,-0.024887802581251,0.032780168391128,-0.00710815765069,0.184767514490129,-0.020724477104002,0.045287832259696,-0.136504960639862,-0.00951608361711,0.041640230879449,0.01772537412899,0.011141668984365,0.035127578726269,0.219523283824829,0.062011526902697,0.7241138046440314,0.41279642921712373,3.6333333333333333,201.36666666666667,331.07619047619045,2019-04-01,0.03663198450000005
2019Q3,1.9719347535,1.9254216738,0.17238556295668,-0.104614939567385,0.218001121165471,0.191803253202743,0.247753148261859,-0.066071582305773,0.010391195343621,0.013367995586782,0.19089510610619,0.170985211802586,-0.103765114039473,0.216230218112214,0.180505027830388,0.245740558570761,-0.06553485860725,0.010306949980958,0.113236997419862,0.137951517603179,0.013290718891571,-0.002982329212383,-0.061641744083773,0.019587706487665,0.158947653332615,-0.096459928858804,0.201007358392716,0.11361820177681,0.122635951785354,-0.007925037718483,0.228440136448222,-0.07306093374179,0.006763066450251,0.015184656645919,-0.012003292573684,-0.015637684143869,-0.007301641568259,-0.039843083784852,0.07336266537652,0.128239569764506,0.018208709090273,0.164529797958616,-0.029361048964069,0.064169771134547,-0.087203078761349,-0.010251378397436,0.002797487747686,0.012355036770668,-0.057302093357738,0.7928242355414027,0.57484565824481,3.6,199.4333333333333,331.07619047619045,2019-07-01,-0.007255936299999988
2019Q4,1.9226174304,1.9537451974,-0.90783652169948,0.294153998030169,-1.01516749999683,-0.96826319289104,0.006842903938779,0.142091655752489,-0.034287293800858,0.06129014369472,-0.079785394105483,-0.937061893213424,0.303623500118827,-1.04784810546993,-0.969589208272021,0.007063192950534,0.146665916987847,-0.035395185449771,0.01383721847209,-0.023663712311827,0.063237147231713,-0.027818979716684,0.010170527853235,-0.004181620333147,-0.982245327181508,0.318263677591763,-1.09837345075885,-0.622708115298694,-0.368943009337703,-0.036841434290394,0.007403767371898,0.234850590970669,-0.040526356276158,-0.01241798948858,0.187039290242638,-0.04575685557772,-0.016176408246552,0.049643366980875,-0.180396462197054,-0.024804733843635,-0.00438325052621,-0.033954375449472,-0.082807263733589,-0.131357305048734,0.299283752487199,-0.02244496358192,0.029744393408495,0.066286328396534,0.010660932359189,0.8393251103057712,0.660995027469224,3.6,198.86666666666667,331.07619047619045,2019-10-01,0.0283235235999999
